metric,neg_weight,down_blocks_0_attentions_0_transformer_blocks_0,down_blocks_0_attentions_1_transformer_blocks_0,down_blocks_1_attentions_0_transformer_blocks_0,down_blocks_1_attentions_1_transformer_blocks_0,down_blocks_2_attentions_0_transformer_blocks_0,down_blocks_2_attentions_1_transformer_blocks_0,up_blocks_1_attentions_0_transformer_blocks_0,up_blocks_1_attentions_1_transformer_blocks_0,up_blocks_1_attentions_2_transformer_blocks_0,up_blocks_2_attentions_0_transformer_blocks_0,up_blocks_2_attentions_1_transformer_blocks_0,up_blocks_2_attentions_2_transformer_blocks_0,up_blocks_3_attentions_0_transformer_blocks_0,up_blocks_3_attentions_1_transformer_blocks_0,up_blocks_3_attentions_2_transformer_blocks_0,mid_block_attentions_0_transformer_blocks_0
gamma_net_norm,0,0.000000,0.000000,0.000000,0.000000,0.000000,0.000000,0.000000,0.000000,0.000000,0.000000,0.000000,0.000000,0.000000,0.000000,0.000000,0.000000
beta_net_norm,0,0.000000,0.000000,0.000000,0.000000,0.000000,0.000000,0.000000,0.000000,0.000000,0.000000,0.000000,0.000000,0.000000,0.000000,0.000000,0.000000
gamma_net_norm,0.5,0.000000,0.000000,0.000000,0.000000,0.000000,0.000000,0.000000,0.000000,0.000000,0.000000,0.000000,0.000000,0.000000,0.000000,0.000000,0.000000
beta_net_norm,0.5,0.000000,0.000000,0.000000,0.000000,0.000000,0.000000,0.000000,0.000000,0.000000,0.000000,0.000000,0.000000,0.000000,0.000000,0.000000,0.000000
gamma_net_norm,1,0.000000,0.000000,0.000000,0.000000,0.000000,0.000000,0.000000,0.000000,0.000000,0.000000,0.000000,0.000000,0.000000,0.000000,0.000000,0.000000
beta_net_norm,1,0.000000,0.000000,0.000000,0.000000,0.000000,0.000000,0.000000,0.000000,0.000000,0.000000,0.000000,0.000000,0.000000,0.000000,0.000000,0.000000
gamma_pos_norm,-,0.000000,0.000000,0.000000,0.000000,0.000000,0.000000,0.000000,0.000000,0.000000,0.000000,0.000000,0.000000,0.000000,0.000000,0.000000,0.000000
gamma_na_norm,-,0.000000,0.000000,0.000000,0.000000,0.000000,0.000000,0.000000,0.000000,0.000000,0.000000,0.000000,0.000000,0.000000,0.000000,0.000000,0.000000
beta_pos_norm,-,0.000000,0.000000,0.000000,0.000000,0.000000,0.000000,0.000000,0.000000,0.000000,0.000000,0.000000,0.000000,0.000000,0.000000,0.000000,0.000000
beta_na_norm,-,0.000000,0.000000,0.000000,0.000000,0.000000,0.000000,0.000000,0.000000,0.000000,0.000000,0.000000,0.000000,0.000000,0.000000,0.000000,0.000000